insert into utilizador(id, nome, password, contacto, email, is_admin) values(11, 'Bernardo', 'abc123', 964765912, 'jbcl@gmail.com', TRUE);
insert into utilizador(id, nome, password, contacto, email, is_admin) values(12, 'Nuno', 'asdasd', 961264248, 'nms@gmail.com', FALSE);

INSERT INTO public.equipa (id, derrotas, empates, imagem, nome, vitorias) VALUES (3, 0, 0, 'https://media.api-sports.io/football/teams/33.png', 'Manchester United', 0);
INSERT INTO public.equipa (id, derrotas, empates, imagem, nome, vitorias) VALUES (4, 0, 0, 'https://media.api-sports.io/football/teams/34.png', 'Newcastle', 0);
INSERT INTO public.equipa (id, derrotas, empates, imagem, nome, vitorias) VALUES (5, 0, 0, 'https://media.api-sports.io/football/teams/38.png', 'Watford', 0);
INSERT INTO public.equipa (id, derrotas, empates, imagem, nome, vitorias) VALUES (6, 0, 0, 'https://media.api-sports.io/football/teams/39.png', 'Wolves', 0);
INSERT INTO public.equipa (id, derrotas, empates, imagem, nome, vitorias) VALUES (7, 0, 0, 'https://media.api-sports.io/football/teams/40.png', 'Liverpool', 0);
INSERT INTO public.equipa (id, derrotas, empates, imagem, nome, vitorias) VALUES (8, 0, 0, 'https://media.api-sports.io/football/teams/41.png', 'Southampton', 0);
INSERT INTO public.equipa (id, derrotas, empates, imagem, nome, vitorias) VALUES (9, 0, 0, 'https://media.api-sports.io/football/teams/42.png', 'Arsenal', 0);
INSERT INTO public.equipa (id, derrotas, empates, imagem, nome, vitorias) VALUES (10, 0, 0, 'https://media.api-sports.io/football/teams/44.png', 'Burnley', 0);
INSERT INTO public.equipa (id, derrotas, empates, imagem, nome, vitorias) VALUES (11, 0, 0, 'https://media.api-sports.io/football/teams/45.png', 'Everton', 0);
INSERT INTO public.equipa (id, derrotas, empates, imagem, nome, vitorias) VALUES (12, 0, 0, 'https://media.api-sports.io/football/teams/46.png', 'Leicester', 0);
INSERT INTO public.equipa (id, derrotas, empates, imagem, nome, vitorias) VALUES (13, 0, 0, 'https://media.api-sports.io/football/teams/47.png', 'Tottenham', 0);
INSERT INTO public.equipa (id, derrotas, empates, imagem, nome, vitorias) VALUES (14, 0, 0, 'https://media.api-sports.io/football/teams/48.png', 'West Ham', 0);
INSERT INTO public.equipa (id, derrotas, empates, imagem, nome, vitorias) VALUES (15, 0, 0, 'https://media.api-sports.io/football/teams/49.png', 'Chelsea', 0);
INSERT INTO public.equipa (id, derrotas, empates, imagem, nome, vitorias) VALUES (16, 0, 0, 'https://media.api-sports.io/football/teams/50.png', 'Manchester City', 0);
INSERT INTO public.equipa (id, derrotas, empates, imagem, nome, vitorias) VALUES (17, 0, 0, 'https://media.api-sports.io/football/teams/51.png', 'Brighton', 0);
INSERT INTO public.equipa (id, derrotas, empates, imagem, nome, vitorias) VALUES (18, 0, 0, 'https://media.api-sports.io/football/teams/52.png', 'Crystal Palace', 0);
INSERT INTO public.equipa (id, derrotas, empates, imagem, nome, vitorias) VALUES (19, 0, 0, 'https://media.api-sports.io/football/teams/55.png', 'Brentford', 0);
INSERT INTO public.equipa (id, derrotas, empates, imagem, nome, vitorias) VALUES (20, 0, 0, 'https://media.api-sports.io/football/teams/63.png', 'Leeds', 0);
INSERT INTO public.equipa (id, derrotas, empates, imagem, nome, vitorias) VALUES (21, 0, 0, 'https://media.api-sports.io/football/teams/66.png', 'Aston Villa', 0);
INSERT INTO public.equipa (id, derrotas, empates, imagem, nome, vitorias) VALUES (22, 0, 0, 'https://media.api-sports.io/football/teams/71.png', 'Norwich', 0);


INSERT INTO public.jogador (id, data_nascimento, nome, posicao, equipa_id) VALUES (23, '1999-10-15 12:14:01.486', 'Benjamin Luke Woodburn', 'Attacker', 7);
INSERT INTO public.jogador (id, data_nascimento, nome, posicao, equipa_id) VALUES (24, '1997-06-05 12:14:01.507', 'K. Tierney', 'Defender', 9);
INSERT INTO public.jogador (id, data_nascimento, nome, posicao, equipa_id) VALUES (25, '1992-03-04 12:14:01.512', 'Bernd Leno', 'Goalkeeper', 9);
INSERT INTO public.jogador (id, data_nascimento, nome, posicao, equipa_id) VALUES (26, '1995-09-20 12:14:01.516', 'R. Holding', 'Defender', 9);
INSERT INTO public.jogador (id, data_nascimento, nome, posicao, equipa_id) VALUES (27, '1989-09-08 12:14:01.521', 'G. Sigur├░sson', 'Midfielder', 11);
INSERT INTO public.jogador (id, data_nascimento, nome, posicao, equipa_id) VALUES (28, '1995-07-02 12:14:01.525', 'Marc Navarro', 'Defender', 5);
INSERT INTO public.jogador (id, data_nascimento, nome, posicao, equipa_id) VALUES (29, '1999-05-08 12:14:01.529', 'Luka Ra─ìi─ç', 'Defender', 19);
INSERT INTO public.jogador (id, data_nascimento, nome, posicao, equipa_id) VALUES (30, '2001-02-13 12:14:01.533', 'Jan ┼¢amb┼»rek', 'Midfielder', 19);
INSERT INTO public.jogador (id, data_nascimento, nome, posicao, equipa_id) VALUES (31, '1996-09-20 12:14:01.537', 'J. Sinclair', 'Attacker', 5);
INSERT INTO public.jogador (id, data_nascimento, nome, posicao, equipa_id) VALUES (32, '2001-01-05 12:14:01.54', 'Ellis Reco Simms', 'Attacker', 11);
INSERT INTO public.jogador (id, data_nascimento, nome, posicao, equipa_id) VALUES (33, '1999-09-23 12:14:01.543', 'Thomas David  Allan', 'Attacker', 4);
INSERT INTO public.jogador (id, data_nascimento, nome, posicao, equipa_id) VALUES (34, '2002-09-16 12:14:01.546', 'Thomas Dickson-Peters', 'Midfielder', 22);
INSERT INTO public.jogador (id, data_nascimento, nome, posicao, equipa_id) VALUES (35, '2003-01-15 12:14:01.549', 'Christian Fernandes Marques', 'Defender', 6);
INSERT INTO public.jogador (id, data_nascimento, nome, posicao, equipa_id) VALUES (36, '2001-04-02 12:14:01.552', 'Vontae Daley-Campbell', 'Defender', 12);
INSERT INTO public.jogador (id, data_nascimento, nome, posicao, equipa_id) VALUES (37, '2001-02-25 12:14:01.556', 'Mads Bidstrup', 'Midfielder', 19);
INSERT INTO public.jogador (id, data_nascimento, nome, posicao, equipa_id) VALUES (38, '2000-01-15 12:14:01.56', 'Joseph Oluwagbemiga Mayowa  Hungbo', 'Midfielder', 5);
INSERT INTO public.jogador (id, data_nascimento, nome, posicao, equipa_id) VALUES (39, '2002-01-25 12:14:01.564', 'Chigozier Caleb Chukwuemeka', 'Attacker', 21);
INSERT INTO public.jogador (id, data_nascimento, nome, posicao, equipa_id) VALUES (40, '2001-09-09 12:14:01.568', 'A. Okonkwo', 'Goalkeeper', 9);
INSERT INTO public.jogador (id, data_nascimento, nome, posicao, equipa_id) VALUES (41, NULL, 'J. Danns', 'Midfielder', 7);
INSERT INTO public.jogador (id, data_nascimento, nome, posicao, equipa_id) VALUES (42, '2002-12-26 12:14:01.574', 'Kamil Conteh', 'Midfielder', 5);
INSERT INTO public.jogador (id, data_nascimento, nome, posicao, equipa_id) VALUES (43, '1993-06-13 12:14:01.66', 'T. Partey', 'Midfielder', 9);
INSERT INTO public.jogador (id, data_nascimento, nome, posicao, equipa_id) VALUES (44, '1991-08-31 12:14:01.664', 'C├®dric Soares', 'Defender', 9);
INSERT INTO public.jogador (id, data_nascimento, nome, posicao, equipa_id) VALUES (45, '2000-07-28 12:14:01.667', 'E. Smith Rowe', 'Midfielder', 9);
INSERT INTO public.jogador (id, data_nascimento, nome, posicao, equipa_id) VALUES (46, '1999-10-22 12:14:01.669', 'A. Lokonga', 'Midfielder', 9);
INSERT INTO public.jogador (id, data_nascimento, nome, posicao, equipa_id) VALUES (47, '1991-05-28 12:14:01.672', 'Alexandre Lacazette', 'Attacker', 9);
INSERT INTO public.jogador (id, data_nascimento, nome, posicao, equipa_id) VALUES (48, '1999-05-30 12:14:01.675', 'E. Nketiah', 'Attacker', 9);
INSERT INTO public.jogador (id, data_nascimento, nome, posicao, equipa_id) VALUES (49, '1998-11-05 12:14:01.678', 'T. Tomiyasu', 'Defender', 9);
INSERT INTO public.jogador (id, data_nascimento, nome, posicao, equipa_id) VALUES (50, '1991-08-25 12:14:01.681', 'Luke Ayling', 'Defender', 20);
INSERT INTO public.jogador (id, data_nascimento, nome, posicao, equipa_id) VALUES (51, '2000-03-02 12:14:01.684', 'I. Meslier', 'Goalkeeper', 20);
INSERT INTO public.jogador (id, data_nascimento, nome, posicao, equipa_id) VALUES (52, '2000-11-27 12:14:01.687', 'K. Klaesson', 'Goalkeeper', 20);
INSERT INTO public.jogador (id, data_nascimento, nome, posicao, equipa_id) VALUES (53, '2000-01-26 12:14:01.69', 'Nuno Tavares', 'Defender', 9);
INSERT INTO public.jogador (id, data_nascimento, nome, posicao, equipa_id) VALUES (54, '2000-09-28 12:14:01.693', 'Z. Swanson', 'Midfielder', 9);
INSERT INTO public.jogador (id, data_nascimento, nome, posicao, equipa_id) VALUES (55, '2002-10-20 12:14:01.695', 'M. Ogungbo', 'Defender', 9);
INSERT INTO public.jogador (id, data_nascimento, nome, posicao, equipa_id) VALUES (56, '2002-09-20 12:14:01.698', 'M. Azeez', 'Midfielder', 9);
INSERT INTO public.jogador (id, data_nascimento, nome, posicao, equipa_id) VALUES (57, '2003-08-20 12:14:01.702', 'S. Oulad M&apos;Hand', 'Midfielder', 9);
INSERT INTO public.jogador (id, data_nascimento, nome, posicao, equipa_id) VALUES (58, '2002-10-27 12:14:01.704', 'A. Kirk', 'Defender', 9);
INSERT INTO public.jogador (id, data_nascimento, nome, posicao, equipa_id) VALUES (59, '2003-02-08 12:14:01.707', 'M. Biereth', 'Attacker', 9);
INSERT INTO public.jogador (id, data_nascimento, nome, posicao, equipa_id) VALUES (60, '2004-01-09 12:14:01.709', 'Z. Awe', 'Defender', 9);
INSERT INTO public.jogador (id, data_nascimento, nome, posicao, equipa_id) VALUES (61, '2003-10-29 12:14:01.712', 'O. Giraud-Hutchinson', 'Midfielder', 9);
INSERT INTO public.jogador (id, data_nascimento, nome, posicao, equipa_id) VALUES (62, '2003-10-17 12:14:01.715', 'C. Patino', 'Attacker', 9);
INSERT INTO public.jogador (id, data_nascimento, nome, posicao, equipa_id) VALUES (63, '1991-03-06 12:14:01.798', 'Rodrigo Moreno Machado', 'Attacker', 20);
INSERT INTO public.jogador (id, data_nascimento, nome, posicao, equipa_id) VALUES (64, '1996-08-22 12:14:01.801', 'Junior Firpo', 'Defender', 20);
INSERT INTO public.jogador (id, data_nascimento, nome, posicao, equipa_id) VALUES (65, '2001-03-07 12:14:01.804', 'L. McCarron', 'Midfielder', 20);
INSERT INTO public.jogador (id, data_nascimento, nome, posicao, equipa_id) VALUES (66, '1991-04-19 12:14:01.808', 'S. Dallas', 'Defender', 20);
INSERT INTO public.jogador (id, data_nascimento, nome, posicao, equipa_id) VALUES (67, '1991-10-08 12:14:01.81', 'Adam Forshaw', 'Midfielder', 20);
INSERT INTO public.jogador (id, data_nascimento, nome, posicao, equipa_id) VALUES (68, '1996-11-20 12:14:01.813', 'J. Harrison', 'Midfielder', 20);
INSERT INTO public.jogador (id, data_nascimento, nome, posicao, equipa_id) VALUES (69, '1999-10-08 12:14:01.816', 'J. Shackleton', 'Midfielder', 20);
INSERT INTO public.jogador (id, data_nascimento, nome, posicao, equipa_id) VALUES (70, '1993-09-05 12:14:01.819', 'P. Bamford', 'Attacker', 20);
INSERT INTO public.jogador (id, data_nascimento, nome, posicao, equipa_id) VALUES (71, '1999-01-12 12:14:01.822', 'T. Roberts', 'Attacker', 20);
INSERT INTO public.jogador (id, data_nascimento, nome, posicao, equipa_id) VALUES (72, '2002-05-04 12:14:01.825', 'J. Gelhardt', 'Attacker', 20);
INSERT INTO public.jogador (id, data_nascimento, nome, posicao, equipa_id) VALUES (73, '1996-07-17 12:14:01.827', 'R. Koch', 'Defender', 20);
INSERT INTO public.jogador (id, data_nascimento, nome, posicao, equipa_id) VALUES (74, '2001-10-30 12:14:01.83', 'C. Summerville', 'Attacker', 20);
INSERT INTO public.jogador (id, data_nascimento, nome, posicao, equipa_id) VALUES (75, '2002-09-18 12:14:01.832', 'S. McKinstry', 'Midfielder', 20);
INSERT INTO public.jogador (id, data_nascimento, nome, posicao, equipa_id) VALUES (76, '1999-08-11 12:14:01.839', 'P. Struijk', 'Defender', 20);
INSERT INTO public.jogador (id, data_nascimento, nome, posicao, equipa_id) VALUES (77, '2002-10-28 12:14:01.844', 'L. Bate', 'Midfielder', 20);
INSERT INTO public.jogador (id, data_nascimento, nome, posicao, equipa_id) VALUES (78, '2003-11-13 12:14:01.846', 'K. Moore', 'Defender', 20);
INSERT INTO public.jogador (id, data_nascimento, nome, posicao, equipa_id) VALUES (79, '2002-08-17 12:14:01.85', 'C. Cresswell', 'Defender', 20);
INSERT INTO public.jogador (id, data_nascimento, nome, posicao, equipa_id) VALUES (80, '2002-03-23 12:14:01.853', 'J. Jenkins', 'Midfielder', 20);
INSERT INTO public.jogador (id, data_nascimento, nome, posicao, equipa_id) VALUES (81, '2003-01-10 12:14:01.856', 'N. Kenneh', 'Midfielder', 20);
INSERT INTO public.jogador (id, data_nascimento, nome, posicao, equipa_id) VALUES (82, '2003-08-26 12:14:01.859', 'L. Hjelde', 'Defender', 20);
INSERT INTO public.jogador (id, data_nascimento, nome, posicao, equipa_id) VALUES (83, '1994-01-19 12:14:01.96', 'M. Nakamba', 'Midfielder', 21);
INSERT INTO public.jogador (id, data_nascimento, nome, posicao, equipa_id) VALUES (84, '1985-07-09 12:14:01.963', 'A. Young', 'Defender', 21);
INSERT INTO public.jogador (id, data_nascimento, nome, posicao, equipa_id) VALUES (85, '1994-08-18 12:14:01.966', 'M. Sanson', 'Midfielder', 21);
INSERT INTO public.jogador (id, data_nascimento, nome, posicao, equipa_id) VALUES (86, '1995-08-03 12:14:01.97', 'C. Goode', 'Defender', 19);
INSERT INTO public.jogador (id, data_nascimento, nome, posicao, equipa_id) VALUES (87, '2000-01-27 12:14:01.973', 'M. Gibbs-White', 'Midfielder', 6);
INSERT INTO public.jogador (id, data_nascimento, nome, posicao, equipa_id) VALUES (88, '1995-01-20 12:14:01.976', 'C. Chambers', 'Defender', 21);
INSERT INTO public.jogador (id, data_nascimento, nome, posicao, equipa_id) VALUES (89, '1996-12-25 12:14:01.979', 'E. Buend├¡a', 'Midfielder', 21);
INSERT INTO public.jogador (id, data_nascimento, nome, posicao, equipa_id) VALUES (90, '1995-07-16 12:14:01.982', 'K. Hause', 'Defender', 21);
INSERT INTO public.jogador (id, data_nascimento, nome, posicao, equipa_id) VALUES (91, '1993-03-13 12:14:01.985', 'T. Mings', 'Defender', 21);
INSERT INTO public.jogador (id, data_nascimento, nome, posicao, equipa_id) VALUES (92, '2001-05-28 12:14:01.988', 'J. Ramsey', 'Midfielder', 21);
INSERT INTO public.jogador (id, data_nascimento, nome, posicao, equipa_id) VALUES (93, '1997-10-23 12:14:01.992', 'E. Konsa', 'Defender', 21);
INSERT INTO public.jogador (id, data_nascimento, nome, posicao, equipa_id) VALUES (94, '1995-08-11 12:14:01.996', 'B. Davies', 'Defender', 7);
INSERT INTO public.jogador (id, data_nascimento, nome, posicao, equipa_id) VALUES (95, '1998-05-09 12:14:01.999', 'Douglas Luiz', 'Midfielder', 21);
INSERT INTO public.jogador (id, data_nascimento, nome, posicao, equipa_id) VALUES (96, '2003-10-20 12:14:02.002', 'C. Chukwuemeka', 'Midfielder', 21);
INSERT INTO public.jogador (id, data_nascimento, nome, posicao, equipa_id) VALUES (97, '2002-01-26 12:14:02.005', 'S. Greenwood', 'Attacker', 20);
INSERT INTO public.jogador (id, data_nascimento, nome, posicao, equipa_id) VALUES (98, '2001-10-11 12:14:02.007', 'V. Sinisalo', 'Goalkeeper', 21);
INSERT INTO public.jogador (id, data_nascimento, nome, posicao, equipa_id) VALUES (99, '2004-01-05 12:14:02.01', 'L. Bogarde', 'Midfielder', 21);
INSERT INTO public.jogador (id, data_nascimento, nome, posicao, equipa_id) VALUES (100, '2004-01-06 12:14:02.015', 'S. Swinkels', 'Defender', 21);
INSERT INTO public.jogador (id, data_nascimento, nome, posicao, equipa_id) VALUES (101, '2005-05-06 12:14:02.018', 'J. Feeney', 'Defender', 21);
INSERT INTO public.jogador (id, data_nascimento, nome, posicao, equipa_id) VALUES (102, '2006-03-12 12:14:02.021', 'A. Gray', 'Attacker', 20);
INSERT INTO public.jogador (id, data_nascimento, nome, posicao, equipa_id) VALUES (103, '2000-02-09 12:14:02.109', 'I. Poveda-Ocampo', 'Midfielder', 20);
INSERT INTO public.jogador (id, data_nascimento, nome, posicao, equipa_id) VALUES (104, '1994-10-03 12:14:02.113', 'Kepa Arrizabalaga Revuelta', 'Goalkeeper', 15);
INSERT INTO public.jogador (id, data_nascimento, nome, posicao, equipa_id) VALUES (105, '1995-09-25 12:14:02.115', 'J. Gbamin', 'Midfielder', 11);
INSERT INTO public.jogador (id, data_nascimento, nome, posicao, equipa_id) VALUES (106, '2000-01-26 12:14:02.118', 'R. Giles', 'Midfielder', 6);
INSERT INTO public.jogador (id, data_nascimento, nome, posicao, equipa_id) VALUES (107, '1992-07-23 12:14:02.121', 'Daniel William John Ings', 'Attacker', 21);
INSERT INTO public.jogador (id, data_nascimento, nome, posicao, equipa_id) VALUES (108, '1993-11-07 12:14:02.124', 'J├╝rgen Locadia', 'Attacker', 17);
INSERT INTO public.jogador (id, data_nascimento, nome, posicao, equipa_id) VALUES (109, '1995-12-30 12:14:02.127', 'O. Watkins', 'Attacker', 21);
INSERT INTO public.jogador (id, data_nascimento, nome, posicao, equipa_id) VALUES (110, '2000-01-28 12:14:02.13', 'A. Connolly', 'Attacker', 17);
INSERT INTO public.jogador (id, data_nascimento, nome, posicao, equipa_id) VALUES (111, '2000-01-23 12:14:02.132', 'K. Scherpen', 'Goalkeeper', 17);
INSERT INTO public.jogador (id, data_nascimento, nome, posicao, equipa_id) VALUES (112, '1999-06-22 12:14:02.135', 'A. Zeqiri', 'Attacker', 17);
INSERT INTO public.jogador (id, data_nascimento, nome, posicao, equipa_id) VALUES (113, '1999-09-17 12:14:02.137', 'T. Dele-Bashiru', 'Midfielder', 5);
INSERT INTO public.jogador (id, data_nascimento, nome, posicao, equipa_id) VALUES (114, '2004-01-12 12:14:02.14', 'B. Chrisene', 'Midfielder', 21);
INSERT INTO public.jogador (id, data_nascimento, nome, posicao, equipa_id) VALUES (115, '2001-07-03 12:14:02.143', 'F. Balogun', 'Attacker', 9);
INSERT INTO public.jogador (id, data_nascimento, nome, posicao, equipa_id) VALUES (116, '2001-08-20 12:14:02.146', 'D. Markanday', 'Attacker', 13);
INSERT INTO public.jogador (id, data_nascimento, nome, posicao, equipa_id) VALUES (117, '2001-01-06 12:14:02.149', 'O. Otasowie', 'Midfielder', 6);
INSERT INTO public.jogador (id, data_nascimento, nome, posicao, equipa_id) VALUES (118, '2000-11-01 12:14:02.152', 'N. Nkounkou', 'Defender', 11);
INSERT INTO public.jogador (id, data_nascimento, nome, posicao, equipa_id) VALUES (119, '2003-01-06 12:14:02.155', 'B. Young', 'Attacker', 21);
INSERT INTO public.jogador (id, data_nascimento, nome, posicao, equipa_id) VALUES (120, '2002-09-02 12:14:02.158', 'H. Lindley', 'Midfielder', 21);
INSERT INTO public.jogador (id, data_nascimento, nome, posicao, equipa_id) VALUES (121, '2003-06-30 12:14:02.162', 'T. Iroegbunam', 'Midfielder', 21);
INSERT INTO public.jogador (id, data_nascimento, nome, posicao, equipa_id) VALUES (122, '2003-12-15 12:14:02.164', 'T. O&apos;Reilly', 'Midfielder', 21);
INSERT INTO public.jogador (id, data_nascimento, nome, posicao, equipa_id) VALUES (123, '1994-11-21 12:14:02.246', 'Sa├║l', 'Midfielder', 15);
INSERT INTO public.jogador (id, data_nascimento, nome, posicao, equipa_id) VALUES (124, '1993-03-19 12:14:02.249', 'H. Ziyech', 'Midfielder', 15);
INSERT INTO public.jogador (id, data_nascimento, nome, posicao, equipa_id) VALUES (125, '1993-12-05 12:14:02.252', 'R. Barkley', 'Midfielder', 15);
INSERT INTO public.jogador (id, data_nascimento, nome, posicao, equipa_id) VALUES (126, '1996-01-23 12:14:02.255', 'R. Loftus-Cheek', 'Midfielder', 15);
INSERT INTO public.jogador (id, data_nascimento, nome, posicao, equipa_id) VALUES (127, '2000-11-07 12:14:02.257', 'C. Hudson-Odoi', 'Attacker', 15);
INSERT INTO public.jogador (id, data_nascimento, nome, posicao, equipa_id) VALUES (128, '1993-03-10 12:14:02.261', 'Jack Butland', 'Goalkeeper', 18);
INSERT INTO public.jogador (id, data_nascimento, nome, posicao, equipa_id) VALUES (129, '1996-12-21 12:14:02.264', 'B. Chilwell', 'Defender', 15);
INSERT INTO public.jogador (id, data_nascimento, nome, posicao, equipa_id) VALUES (130, '1996-02-08 12:14:02.268', 'Kenedy', 'Midfielder', 15);
INSERT INTO public.jogador (id, data_nascimento, nome, posicao, equipa_id) VALUES (131, '1992-05-24 12:14:02.27', 'Marcus Bettinelli', 'Goalkeeper', 15);
INSERT INTO public.jogador (id, data_nascimento, nome, posicao, equipa_id) VALUES (132, '1999-07-05 12:14:02.273', 'T. Chalobah', 'Defender', 15);
INSERT INTO public.jogador (id, data_nascimento, nome, posicao, equipa_id) VALUES (133, '1999-01-23 12:14:02.277', 'M. Sarr', 'Defender', 15);
INSERT INTO public.jogador (id, data_nascimento, nome, posicao, equipa_id) VALUES (134, '2001-12-31 12:14:02.279', 'X. Mbuyamba', 'Defender', 15);
INSERT INTO public.jogador (id, data_nascimento, nome, posicao, equipa_id) VALUES (135, '2003-02-20 12:14:02.282', 'X. Simons', 'Midfielder', 15);
INSERT INTO public.jogador (id, data_nascimento, nome, posicao, equipa_id) VALUES (136, '2002-09-05 12:14:02.289', 'L. Bergstr├Âm', 'Goalkeeper', 15);
INSERT INTO public.jogador (id, data_nascimento, nome, posicao, equipa_id) VALUES (137, '2003-03-30 12:14:02.293', 'T. Sharman-Lowe', 'Goalkeeper', 15);
INSERT INTO public.jogador (id, data_nascimento, nome, posicao, equipa_id) VALUES (138, '2003-09-11 12:14:02.296', 'H. Vale', 'Midfielder', 15);
INSERT INTO public.jogador (id, data_nascimento, nome, posicao, equipa_id) VALUES (139, '2003-09-13 12:14:02.299', 'D. Williams', 'Midfielder', 15);
INSERT INTO public.jogador (id, data_nascimento, nome, posicao, equipa_id) VALUES (140, '2004-01-10 12:14:02.303', 'J. Soonsup-Bell', 'Attacker', 15);
INSERT INTO public.jogador (id, data_nascimento, nome, posicao, equipa_id) VALUES (141, '2004-01-31 12:14:02.305', 'C. Webster', 'Midfielder', 15);
INSERT INTO public.jogador (id, data_nascimento, nome, posicao, equipa_id) VALUES (142, '2004-09-08 12:14:02.308', 'L. Hall', 'Midfielder', 15);
INSERT INTO public.jogador (id, data_nascimento, nome, posicao, equipa_id) VALUES (143, '1984-09-22 12:14:02.391', 'Thiago Emiliano da Silva', 'Defender', 15);
INSERT INTO public.jogador (id, data_nascimento, nome, posicao, equipa_id) VALUES (144, '1994-10-03 12:14:02.394', 'Kepa Arrizabalaga Revuelta', 'Goalkeeper', 15);
INSERT INTO public.jogador (id, data_nascimento, nome, posicao, equipa_id) VALUES (145, '1990-12-28 12:14:02.396', 'Marcos  Alonso Mendoza', 'Defender', 15);
INSERT INTO public.jogador (id, data_nascimento, nome, posicao, equipa_id) VALUES (146, '1989-08-28 12:14:02.399', 'C├®sar Azpilicueta Tanco', 'Defender', 15);
INSERT INTO public.jogador (id, data_nascimento, nome, posicao, equipa_id) VALUES (147, '1996-04-10 12:14:02.402', 'A. Christensen', 'Defender', 15);
INSERT INTO public.jogador (id, data_nascimento, nome, posicao, equipa_id) VALUES (148, '1993-03-03 12:14:02.405', 'A. R├╝diger', 'Defender', 15);
INSERT INTO public.jogador (id, data_nascimento, nome, posicao, equipa_id) VALUES (149, '1995-02-18 12:14:02.407', 'R. R├║narsson', 'Goalkeeper', 9);
INSERT INTO public.jogador (id, data_nascimento, nome, posicao, equipa_id) VALUES (150, '1996-12-21 12:14:02.41', 'B. Chilwell', 'Defender', 15);
INSERT INTO public.jogador (id, data_nascimento, nome, posicao, equipa_id) VALUES (151, '1995-09-25 12:14:02.413', 'J. Gbamin', 'Midfielder', 11);
INSERT INTO public.jogador (id, data_nascimento, nome, posicao, equipa_id) VALUES (152, '1992-05-24 12:14:02.416', 'Marcus Bettinelli', 'Goalkeeper', 15);
INSERT INTO public.jogador (id, data_nascimento, nome, posicao, equipa_id) VALUES (153, '1999-12-08 12:14:02.42', 'R. James', 'Defender', 15);
INSERT INTO public.jogador (id, data_nascimento, nome, posicao, equipa_id) VALUES (154, '1999-07-05 12:14:02.422', 'T. Chalobah', 'Defender', 15);
INSERT INTO public.jogador (id, data_nascimento, nome, posicao, equipa_id) VALUES (155, '2000-01-28 12:14:02.425', 'A. Connolly', 'Attacker', 17);
INSERT INTO public.jogador (id, data_nascimento, nome, posicao, equipa_id) VALUES (156, '2000-01-23 12:14:02.428', 'K. Scherpen', 'Goalkeeper', 17);
INSERT INTO public.jogador (id, data_nascimento, nome, posicao, equipa_id) VALUES (157, '1999-06-22 12:14:02.431', 'A. Zeqiri', 'Attacker', 17);
INSERT INTO public.jogador (id, data_nascimento, nome, posicao, equipa_id) VALUES (158, '2001-07-03 12:14:02.436', 'F. Balogun', 'Attacker', 9);
INSERT INTO public.jogador (id, data_nascimento, nome, posicao, equipa_id) VALUES (159, '2002-09-05 12:14:02.44', 'L. Bergstr├Âm', 'Goalkeeper', 15);
INSERT INTO public.jogador (id, data_nascimento, nome, posicao, equipa_id) VALUES (160, '2001-01-06 12:14:02.443', 'O. Otasowie', 'Midfielder', 6);
INSERT INTO public.jogador (id, data_nascimento, nome, posicao, equipa_id) VALUES (161, '2000-11-01 12:14:02.446', 'N. Nkounkou', 'Defender', 11);
INSERT INTO public.jogador (id, data_nascimento, nome, posicao, equipa_id) VALUES (162, '2003-03-30 12:14:02.45', 'T. Sharman-Lowe', 'Goalkeeper', 15);
INSERT INTO public.jogador (id, data_nascimento, nome, posicao, equipa_id) VALUES (163, '1991-01-08 12:14:02.539', 'Allan Marques Loureiro', 'Midfielder', 11);
INSERT INTO public.jogador (id, data_nascimento, nome, posicao, equipa_id) VALUES (164, '1989-11-21 12:14:02.542', 'Fabian Delph', 'Midfielder', 11);
INSERT INTO public.jogador (id, data_nascimento, nome, posicao, equipa_id) VALUES (165, '1998-01-16 12:14:02.547', 'O. ├ëdouard', 'Attacker', 18);
INSERT INTO public.jogador (id, data_nascimento, nome, posicao, equipa_id) VALUES (166, '1994-09-23 12:14:02.551', 'Y. Mina', 'Defender', 11);
INSERT INTO public.jogador (id, data_nascimento, nome, posicao, equipa_id) VALUES (167, '1990-12-03 12:14:02.555', 'Christian Benteke Liolo', 'Attacker', 18);
INSERT INTO public.jogador (id, data_nascimento, nome, posicao, equipa_id) VALUES (168, '1993-01-11 12:14:02.56', 'M. Keane', 'Defender', 11);
INSERT INTO public.jogador (id, data_nascimento, nome, posicao, equipa_id) VALUES (169, '2002-06-27 12:14:02.564', 'J. Branthwaite', 'Defender', 11);
INSERT INTO public.jogador (id, data_nascimento, nome, posicao, equipa_id) VALUES (170, '1997-03-15 12:14:02.569', 'J. Kenny', 'Defender', 11);
INSERT INTO public.jogador (id, data_nascimento, nome, posicao, equipa_id) VALUES (171, '1998-06-30 12:14:02.574', 'T. Davies', 'Midfielder', 11);
INSERT INTO public.jogador (id, data_nascimento, nome, posicao, equipa_id) VALUES (172, '1993-07-30 12:14:02.579', 'Andr├® Gomes', 'Midfielder', 11);
INSERT INTO public.jogador (id, data_nascimento, nome, posicao, equipa_id) VALUES (173, '1996-06-28 12:14:02.582', 'D. Gray', 'Midfielder', 11);
INSERT INTO public.jogador (id, data_nascimento, nome, posicao, equipa_id) VALUES (174, '1991-07-16 12:14:02.585', 'Andros Townsend', 'Midfielder', 11);
INSERT INTO public.jogador (id, data_nascimento, nome, posicao, equipa_id) VALUES (175, '1987-06-20 12:14:02.588', 'Asmir Begovi─ç', 'Goalkeeper', 11);
INSERT INTO public.jogador (id, data_nascimento, nome, posicao, equipa_id) VALUES (176, '1998-01-15 12:14:02.592', 'B. Godfrey', 'Defender', 11);
INSERT INTO public.jogador (id, data_nascimento, nome, posicao, equipa_id) VALUES (177, '1996-10-22 12:14:02.594', 'M. Holgate', 'Defender', 11);
INSERT INTO public.jogador (id, data_nascimento, nome, posicao, equipa_id) VALUES (178, '1983-10-19 12:14:02.597', 'Andrew Lonergan', 'Goalkeeper', 11);
INSERT INTO public.jogador (id, data_nascimento, nome, posicao, equipa_id) VALUES (179, '2001-09-26 12:14:02.599', 'S. Banks', 'Attacker', 18);
INSERT INTO public.jogador (id, data_nascimento, nome, posicao, equipa_id) VALUES (180, '2001-12-06 12:14:02.601', 'H. Tyrer', 'Goalkeeper', 11);
INSERT INTO public.jogador (id, data_nascimento, nome, posicao, equipa_id) VALUES (181, '2001-10-04 12:14:02.603', 'R. Astley', 'Defender', 11);
INSERT INTO public.jogador (id, data_nascimento, nome, posicao, equipa_id) VALUES (182, '2003-09-19 12:14:02.605', 'R. Welch', 'Defender', 11);
INSERT INTO public.jogador (id, data_nascimento, nome, posicao, equipa_id) VALUES (183, '1997-04-13 12:14:02.689', 'K. Walker-Peters', 'Defender', 8);
INSERT INTO public.jogador (id, data_nascimento, nome, posicao, equipa_id) VALUES (184, '1996-04-11 12:14:02.693', 'D. Alli', 'Midfielder', 11);
INSERT INTO public.jogador (id, data_nascimento, nome, posicao, equipa_id) VALUES (185, '1997-04-18 12:14:02.695', 'D. van de Beek', 'Midfielder', 11);
INSERT INTO public.jogador (id, data_nascimento, nome, posicao, equipa_id) VALUES (186, '1981-09-28 12:14:02.698', 'Wilfredo Daniel Caballero', 'Goalkeeper', 8);
INSERT INTO public.jogador (id, data_nascimento, nome, posicao, equipa_id) VALUES (187, '1997-03-16 12:14:02.701', 'D. Calvert-Lewin', 'Attacker', 11);
INSERT INTO public.jogador (id, data_nascimento, nome, posicao, equipa_id) VALUES (188, '1991-06-07 12:14:02.703', 'Cenk Tosun', 'Attacker', 11);
INSERT INTO public.jogador (id, data_nascimento, nome, posicao, equipa_id) VALUES (189, '1988-03-17 12:14:02.706', 'F. Forster', 'Goalkeeper', 8);
INSERT INTO public.jogador (id, data_nascimento, nome, posicao, equipa_id) VALUES (190, '1997-12-20 12:14:02.708', 'Harry Lewis', 'Goalkeeper', 8);
INSERT INTO public.jogador (id, data_nascimento, nome, posicao, equipa_id) VALUES (191, '1989-12-03 12:14:02.711', 'Alex McCarthy', 'Goalkeeper', 8);
INSERT INTO public.jogador (id, data_nascimento, nome, posicao, equipa_id) VALUES (192, '1994-01-27 12:14:02.714', 'J. Stephens', 'Defender', 8);
INSERT INTO public.jogador (id, data_nascimento, nome, posicao, equipa_id) VALUES (193, '1995-05-03 12:14:02.716', 'A. El Ghazi', 'Midfielder', 11);
INSERT INTO public.jogador (id, data_nascimento, nome, posicao, equipa_id) VALUES (194, '1997-09-22 12:14:02.719', 'R. Perraud', 'Defender', 8);
INSERT INTO public.jogador (id, data_nascimento, nome, posicao, equipa_id) VALUES (195, '1997-02-01 12:14:02.721', 'Lyanco', 'Defender', 8);
INSERT INTO public.jogador (id, data_nascimento, nome, posicao, equipa_id) VALUES (196, '2001-02-24 12:14:02.723', 'A. Gordon', 'Attacker', 11);
INSERT INTO public.jogador (id, data_nascimento, nome, posicao, equipa_id) VALUES (197, '2003-01-03 12:14:02.727', 'L. Dobbin', 'Attacker', 11);
INSERT INTO public.jogador (id, data_nascimento, nome, posicao, equipa_id) VALUES (198, '2002-11-12 12:14:02.731', 'V. Livramento', 'Defender', 8);
INSERT INTO public.jogador (id, data_nascimento, nome, posicao, equipa_id) VALUES (199, '2003-03-04 12:14:02.733', 'T. Onyango', 'Midfielder', 11);
INSERT INTO public.jogador (id, data_nascimento, nome, posicao, equipa_id) VALUES (200, '2003-09-16 12:14:02.735', 'C. Whitaker', 'Midfielder', 11);
INSERT INTO public.jogador (id, data_nascimento, nome, posicao, equipa_id) VALUES (201, '2003-09-26 12:14:02.738', 'I. Price', 'Midfielder', 11);
INSERT INTO public.jogador (id, data_nascimento, nome, posicao, equipa_id) VALUES (202, '2004-08-01 12:14:02.74', 'T. Small', 'Defender', 8);
INSERT INTO public.jogador (id, data_nascimento, nome, posicao, equipa_id) VALUES (203, '1997-05-14 12:14:02.821', 'R├║ben Dias', 'Defender', 16);
INSERT INTO public.jogador (id, data_nascimento, nome, posicao, equipa_id) VALUES (204, '1994-05-27 12:14:02.826', 'Aymeric Laporte', 'Defender', 16);
INSERT INTO public.jogador (id, data_nascimento, nome, posicao, equipa_id) VALUES (205, '1994-07-17 12:14:02.829', 'B. Mendy', 'Defender', 16);
INSERT INTO public.jogador (id, data_nascimento, nome, posicao, equipa_id) VALUES (206, '1989-03-16 12:14:02.832', 'T. Walcott', 'Attacker', 8);
INSERT INTO public.jogador (id, data_nascimento, nome, posicao, equipa_id) VALUES (207, '1999-02-22 12:14:02.834', 'Y. Valery', 'Defender', 8);
INSERT INTO public.jogador (id, data_nascimento, nome, posicao, equipa_id) VALUES (208, '1994-03-06 12:14:02.839', 'N. Redmond', 'Midfielder', 8);
INSERT INTO public.jogador (id, data_nascimento, nome, posicao, equipa_id) VALUES (209, '1991-09-24 12:14:02.841', 'Oriol Romeu Vidal', 'Midfielder', 8);
INSERT INTO public.jogador (id, data_nascimento, nome, posicao, equipa_id) VALUES (210, '1987-01-22 12:14:02.844', 'S. Long', 'Attacker', 8);
INSERT INTO public.jogador (id, data_nascimento, nome, posicao, equipa_id) VALUES (211, '1985-09-03 12:14:02.846', 'Scott Carson', 'Goalkeeper', 16);
INSERT INTO public.jogador (id, data_nascimento, nome, posicao, equipa_id) VALUES (212, '1997-02-10 12:14:02.848', 'A. Armstrong', 'Attacker', 8);
INSERT INTO public.jogador (id, data_nascimento, nome, posicao, equipa_id) VALUES (213, '1999-03-08 12:14:02.851', 'I. Diallo', 'Midfielder', 8);
INSERT INTO public.jogador (id, data_nascimento, nome, posicao, equipa_id) VALUES (214, '1999-04-17 12:14:02.854', 'M. Salisu', 'Defender', 8);
INSERT INTO public.jogador (id, data_nascimento, nome, posicao, equipa_id) VALUES (215, '1995-04-02 12:14:02.856', 'Zack Steffen', 'Goalkeeper', 16);
INSERT INTO public.jogador (id, data_nascimento, nome, posicao, equipa_id) VALUES (216, '2000-02-21 12:14:02.859', 'W. Smallbone', 'Midfielder', 8);
INSERT INTO public.jogador (id, data_nascimento, nome, posicao, equipa_id) VALUES (217, '2003-01-08 12:14:02.861', 'K. Chauke', 'Midfielder', 8);
INSERT INTO public.jogador (id, data_nascimento, nome, posicao, equipa_id) VALUES (218, '2002-09-15 12:14:02.863', 'C. Slicker', 'Goalkeeper', 16);
INSERT INTO public.jogador (id, data_nascimento, nome, posicao, equipa_id) VALUES (219, '2003-01-02 12:14:02.866', 'K. Olaigbe', 'Attacker', 8);
INSERT INTO public.jogador (id, data_nascimento, nome, posicao, equipa_id) VALUES (220, '2003-01-02 12:14:02.868', 'C. Egan-Riley', 'Defender', 16);
INSERT INTO public.jogador (id, data_nascimento, nome, posicao, equipa_id) VALUES (221, '1999-07-05 12:14:02.87', 'N. Tella', 'Midfielder', 8);
INSERT INTO public.jogador (id, data_nascimento, nome, posicao, equipa_id) VALUES (222, NULL, 'Tyler Dibling', 'Midfielder', 8);
INSERT INTO public.jogador (id, data_nascimento, nome, posicao, equipa_id) VALUES (223, '1997-05-23 12:15:03.368', 'J. Gomez', 'Defender', 7);
INSERT INTO public.jogador (id, data_nascimento, nome, posicao, equipa_id) VALUES (224, '1991-08-08 12:15:03.375', 'Jo├½l Andre Job Matip', 'Defender', 7);
INSERT INTO public.jogador (id, data_nascimento, nome, posicao, equipa_id) VALUES (225, '1991-02-21 12:15:03.378', 'Riyad Mahrez', 'Attacker', 16);
INSERT INTO public.jogador (id, data_nascimento, nome, posicao, equipa_id) VALUES (226, '1985-05-04 12:15:03.38', 'Fernando Luiz Rosa', 'Midfielder', 16);
INSERT INTO public.jogador (id, data_nascimento, nome, posicao, equipa_id) VALUES (227, '2001-03-13 12:15:03.382', 'J. Garner', 'Midfielder', 3);
INSERT INTO public.jogador (id, data_nascimento, nome, posicao, equipa_id) VALUES (228, '1999-05-25 12:15:03.385', 'I. Konat├®', 'Defender', 7);
INSERT INTO public.jogador (id, data_nascimento, nome, posicao, equipa_id) VALUES (229, '1993-06-22 12:15:03.387', 'Loris Karius', 'Goalkeeper', 7);
INSERT INTO public.jogador (id, data_nascimento, nome, posicao, equipa_id) VALUES (230, '1987-01-03 12:15:03.389', 'Adri├ín San Miguel del Castillo', 'Goalkeeper', 7);
INSERT INTO public.jogador (id, data_nascimento, nome, posicao, equipa_id) VALUES (231, '1998-02-13 12:15:03.391', 'K. Davis', 'Attacker', 21);
INSERT INTO public.jogador (id, data_nascimento, nome, posicao, equipa_id) VALUES (232, '2002-05-06 12:15:03.393', 'C. Palmer', 'Midfielder', 16);
INSERT INTO public.jogador (id, data_nascimento, nome, posicao, equipa_id) VALUES (233, '2002-10-18 12:15:03.396', 'J. McAtee', 'Midfielder', 16);
INSERT INTO public.jogador (id, data_nascimento, nome, posicao, equipa_id) VALUES (234, '2003-02-08 12:15:03.399', 'L. Delap', 'Attacker', 16);
INSERT INTO public.jogador (id, data_nascimento, nome, posicao, equipa_id) VALUES (235, '2003-09-03 12:15:03.401', 'H. Davies', 'Goalkeeper', 7);
INSERT INTO public.jogador (id, data_nascimento, nome, posicao, equipa_id) VALUES (236, '2002-12-20 12:15:03.403', 'Marcelo', 'Goalkeeper', 7);
INSERT INTO public.jogador (id, data_nascimento, nome, posicao, equipa_id) VALUES (237, '2003-01-28 12:15:03.406', 'S. Edozie', 'Attacker', 16);
INSERT INTO public.jogador (id, data_nascimento, nome, posicao, equipa_id) VALUES (238, '2002-12-26 12:15:03.408', 'J. Wilson-Esbrand', 'Defender', 16);
INSERT INTO public.jogador (id, data_nascimento, nome, posicao, equipa_id) VALUES (239, '2003-09-18 12:15:03.41', 'L. Mbete-Tabu', 'Defender', 16);
INSERT INTO public.jogador (id, data_nascimento, nome, posicao, equipa_id) VALUES (240, '2003-07-12 12:15:03.413', 'O. Bobb', 'Midfielder', 16);
INSERT INTO public.jogador (id, data_nascimento, nome, posicao, equipa_id) VALUES (241, '2004-01-06 12:15:03.416', 'R. Lavia', 'Midfielder', 16);
INSERT INTO public.jogador (id, data_nascimento, nome, posicao, equipa_id) VALUES (242, '2003-06-11 12:15:03.418', 'Kayky', 'Attacker', 16);
INSERT INTO public.jogador (id, data_nascimento, nome, posicao, equipa_id) VALUES (243, '1990-06-17 12:15:03.507', 'Jordan Henderson', 'Midfielder', 7);
INSERT INTO public.jogador (id, data_nascimento, nome, posicao, equipa_id) VALUES (244, '2001-01-30 12:15:03.51', 'C. Jones', 'Midfielder', 7);
INSERT INTO public.jogador (id, data_nascimento, nome, posicao, equipa_id) VALUES (245, '1986-01-04 12:15:03.513', 'James Philip Milner', 'Midfielder', 7);
INSERT INTO public.jogador (id, data_nascimento, nome, posicao, equipa_id) VALUES (246, '1993-08-15 12:15:03.515', 'Alex Oxlade-Chamberlain', 'Midfielder', 7);
INSERT INTO public.jogador (id, data_nascimento, nome, posicao, equipa_id) VALUES (247, '1991-10-02 12:15:03.518', 'Roberto Firmino Barbosa de Oliveira', 'Attacker', 7);
INSERT INTO public.jogador (id, data_nascimento, nome, posicao, equipa_id) VALUES (248, '1995-04-18 12:15:03.52', 'D. Origi', 'Attacker', 7);
INSERT INTO public.jogador (id, data_nascimento, nome, posicao, equipa_id) VALUES (249, '2003-04-04 12:15:03.523', 'H. Elliott', 'Midfielder', 7);
INSERT INTO public.jogador (id, data_nascimento, nome, posicao, equipa_id) VALUES (250, '2001-01-01 12:15:03.526', 'E. Dixon-Bonner', 'Midfielder', 7);
INSERT INTO public.jogador (id, data_nascimento, nome, posicao, equipa_id) VALUES (251, '2002-11-14 12:15:03.528', 'B. Koumetio', 'Defender', 7);
INSERT INTO public.jogador (id, data_nascimento, nome, posicao, equipa_id) VALUES (252, '2003-04-04 12:15:03.53', 'J. Norris', 'Defender', 7);
INSERT INTO public.jogador (id, data_nascimento, nome, posicao, equipa_id) VALUES (253, '2002-08-09 12:15:03.533', 'O. Beck', 'Defender', 7);
INSERT INTO public.jogador (id, data_nascimento, nome, posicao, equipa_id) VALUES (254, '2003-01-29 12:15:03.535', 'J. Quansah', 'Defender', 7);
INSERT INTO public.jogador (id, data_nascimento, nome, posicao, equipa_id) VALUES (255, '2002-10-31 12:15:03.538', 'T. Morton', 'Midfielder', 7);
INSERT INTO public.jogador (id, data_nascimento, nome, posicao, equipa_id) VALUES (256, '2001-02-03 12:15:03.54', 'R. Williams', 'Defender', 7);
INSERT INTO public.jogador (id, data_nascimento, nome, posicao, equipa_id) VALUES (257, '2003-07-09 12:15:03.544', 'C. Bradley', 'Midfielder', 7);
INSERT INTO public.jogador (id, data_nascimento, nome, posicao, equipa_id) VALUES (258, '2003-09-20 12:15:03.547', 'J. Balagizi', 'Attacker', 7);
INSERT INTO public.jogador (id, data_nascimento, nome, posicao, equipa_id) VALUES (259, '2004-01-12 12:15:03.549', 'M. Frauendorf', 'Midfielder', 7);
INSERT INTO public.jogador (id, data_nascimento, nome, posicao, equipa_id) VALUES (260, '2003-08-20 12:15:03.553', 'M. Woltman', 'Midfielder', 7);
INSERT INTO public.jogador (id, data_nascimento, nome, posicao, equipa_id) VALUES (261, '2004-09-22 12:15:03.556', 'I. Mabaya', 'Midfielder', 7);
INSERT INTO public.jogador (id, data_nascimento, nome, posicao, equipa_id) VALUES (262, '2004-10-05 12:15:03.56', 'K. Gordon', 'Attacker', 7);
INSERT INTO public.jogador (id, data_nascimento, nome, posicao, equipa_id) VALUES (263, '2000-03-25 12:15:03.645', 'J. Sancho', 'Attacker', 3);
INSERT INTO public.jogador (id, data_nascimento, nome, posicao, equipa_id) VALUES (264, '1990-11-07 12:15:03.648', 'David de Gea Quintana', 'Goalkeeper', 3);
INSERT INTO public.jogador (id, data_nascimento, nome, posicao, equipa_id) VALUES (265, '1983-01-27 12:15:03.65', 'Lee Grant', 'Goalkeeper', 3);
INSERT INTO public.jogador (id, data_nascimento, nome, posicao, equipa_id) VALUES (266, '1992-02-21 12:15:03.652', 'Phil Jones', 'Defender', 3);
INSERT INTO public.jogador (id, data_nascimento, nome, posicao, equipa_id) VALUES (267, '1995-07-12 12:15:03.654', 'L. Shaw', 'Defender', 3);
INSERT INTO public.jogador (id, data_nascimento, nome, posicao, equipa_id) VALUES (268, '2001-10-01 12:15:03.656', 'M. Greenwood', 'Attacker', 3);
INSERT INTO public.jogador (id, data_nascimento, nome, posicao, equipa_id) VALUES (269, '1992-12-15 12:15:03.658', 'J. Lingard', 'Midfielder', 3);
INSERT INTO public.jogador (id, data_nascimento, nome, posicao, equipa_id) VALUES (270, '1988-04-28 12:15:03.662', 'Juan Manuel Mata Garc├¡a', 'Midfielder', 3);
INSERT INTO public.jogador (id, data_nascimento, nome, posicao, equipa_id) VALUES (271, '1988-08-01 12:15:03.664', 'Nemanja Mati─ç', 'Midfielder', 3);